{
  "project_info": {
    "project_number": "1068622410331",
    "project_id": "smart-hydro-2fbc7",
    "storage_bucket": "smart-hydro-2fbc7.appspot.com"
  },
  "client": [
    {
      "client_info": {
        "mobilesdk_app_id": "1:1068622410331:android:1e49ebc1dc8f898723457e",
        "android_client_info": {
          "package_name": "com.example.smarthydro"
        }
      },
      "oauth_client": [],
      "api_key": [
        {
          "current_key": "AIzaSyC__wgodpH-f3INUqYtkv9zl9kQwJV1Oxw"
        }
      ],
      "services": {
        "appinvite_service": {
          "other_platform_oauth_client": []
        }
      }
    }
  ],
  "configuration_version": "1"
}